Workbook

Sheet Answer
B1: Platinum reserve stress workbook
B2: STEP 1
B3: Z-score (90% one-sided) | C3: 1.28
B4: 4-month volatility | C4: ='Platinum price'!D11
B5: 4-month volatility annualized | C5: =C4*SQRT(12)
B6: 8-month volatility | C6: ='Platinum price'!E11
B10: STEP 2
B11: Country | C11: Asteria | D11: Borland | E11: Cygnia | F11: Deltora
B12: Reserve value (USD mn) | C12: =Value!$B$2 | D12: =Value!$B$3 | E12: =Value!$B$4 | F12: =Volume!$B$2*AVERAGE('Platinum price'!$B$2:$B$7)
B13: Price exposure | C13: =C12*$C$3/100*$C$4 | D13: =D12*$C$3/100*$C$4 | E13: =E12*$C$3/100*$C$4 | F13: =F12*$C$3/100*$C$4
B19: STEP 3
B20: Country | C20: Asteria | D20: Borland | E20: Cygnia
B21: Reserve value | C21: =C12 | D21: =D12 | E21: =E12
B22: Stress loss | C22: =C21*$C$6/100 | D22: =D21*$C$6/100 | E22: =E21*$C$6/100
B23: Total reserves | C23: =XLOOKUP(C20,'Total Reserves'!$A$2:$A$4,'Total Reserves'!$B$2:$B$4) | D23: =XLOOKUP(D20,'Total Reserves'!$A$2:$A$4,'Total Reserves'!$B$2:$B$4) | E23: =XLOOKUP(E20,'Total Reserves'!$A$2:$A$4,'Total Reserves'!$B$2:$B$4)
B24: Reserve-at-risk % | C24: =C22/C23*100 | D24: =D22/D23*100 | E24: =E22/E23*100

Sheet Platinum price
A1: Month | B1: Price | C1: Log return | D1: 4-month volatility | E1: 8-month volatility
A2: 2025M1 | B2: 910
A3: 2025M2 | B3: 925 | C3: =LN(B3/B2)*100
A4: 2025M3 | B4: 935 | C4: =LN(B4/B3)*100
A5: 2025M4 | B5: 928 | C5: =LN(B5/B4)*100
A6: 2025M5 | B6: 940 | C6: =LN(B6/B5)*100 | D6: =STDEV.S(C3:C6)
A7: 2025M6 | B7: 955 | C7: =LN(B7/B6)*100 | D7: =STDEV.S(C4:C7)
A8: 2025M7 | B8: 970 | C8: =LN(B8/B7)*100 | D8: =STDEV.S(C5:C8)
A9: 2025M8 | B9: 960 | C9: =LN(B9/B8)*100 | D9: =STDEV.S(C6:C9)
A10: 2025M9 | B10: 978 | C10: =LN(B10/B9)*100 | D10: =STDEV.S(C7:C10) | E10: =STDEV.S(C3:C10)
A11: 2025M10 | B11: 990 | C11: =LN(B11/B10)*100 | D11: =STDEV.S(C8:C11) | E11: =STDEV.S(C4:C11)

Sheet Value
A1: Country | B1: 2025 Value (USD mn)
A2: Asteria | B2: 1840
A3: Borland | B3: 1325
A4: Cygnia | B4: 910

Sheet Volume
A1: Country | B1: 2025 Volume (mn oz)
A2: Deltora | B2: 1.8

Sheet Total Reserves
A1: Country | B1: 2025 Total Reserves (USD mn)
A2: Asteria | B2: 8200
A3: Borland | B3: 7600
A4: Cygnia | B4: 5400
