Workbook

Sheet Close Tracker
A1: March Close Tracker Template
A2: Fix only the broken formulas; keep the existing layout intact.
A3: entity | B3: close_item | C3: owner_id | D3: review_step | E3: planned_day | F3: actual_day | G3: status | H3: delay_days | I3: owner_email | J3: escalation
A4: NA-100 | B4: Revenue Cutoff | C4: OWN-17 | D4: Controller Review | E4: 3 | F4: 3 | G4: =IF(E4="","Open",IF((E4-D4)<=0,"On Time","Late")) | H4: =IF(E4="","",MAX(E4-D4,0)) | I4: =INDEX('Owner Map'!$B$2:$B$5,MATCH(C4,'Owner Map'!$A$2:$A$5,0)) | J4: =IF(AND(G4="Late",H4>=2),"Escalate","")
A5: NA-200 | B5: Inventory Rollforward | C5: OWN-21 | D5: Operations Review | E5: 4 | F5: 6 | G5: =IF(E5="","Open",IF((E5-D5)<=0,"On Time","Late")) | H5: =IF(E5="","",MAX(E5-D5,0)) | I5: =INDEX('Owner Map'!$B$2:$B$5,MATCH(C5,'Owner Map'!$A$2:$A$5,0)) | J5: =IF(AND(G5="Late",H5>=2),"Escalate","")
A6: EU-110 | B6: Cash Reconciliation | C6: OWN-34 | D6: Treasury Check | E6: 5 | G6: =IF(E6="","Open",IF((E6-D6)<=0,"On Time","Late")) | H6: =IF(E6="","",MAX(E6-D6,0)) | I6: =INDEX('Owner Map'!$B$2:$B$5,MATCH(C6,'Owner Map'!$A$2:$A$5,0)) | J6: =IF(AND(G6="Late",H6>=2),"Escalate","")
A7: AP-330 | B7: Deferred Revenue | C7: OWN-55 | D7: Rev Rec Review | E7: 2 | F7: 7 | G7: =IF(E7="","Open",IF((E7-D7)<=0,"On Time","Late")) | H7: =IF(E7="","",MAX(E7-D7,0)) | I7: =INDEX('Owner Map'!$B$2:$B$5,MATCH(C7,'Owner Map'!$A$2:$A$5,0)) | J7: =IF(AND(G7="Late",H7>=2),"Escalate","")
A8: HQ-900 | B8: Intercompany Tie-out | C8: OWN-21 | D8: CFO Review | E8: 6 | F8: 6 | G8: =IF(E8="","Open",IF((E8-D8)<=0,"On Time","Late")) | H8: =IF(E8="","",MAX(E8-D8,0)) | I8: =INDEX('Owner Map'!$B$2:$B$5,MATCH(C8,'Owner Map'!$A$2:$A$5,0)) | J8: =IF(AND(G8="Late",H8>=2),"Escalate","")

Sheet Owner Map
A1: Owner Lookup Table
A2: owner_id | B2: owner_name | C2: owner_email | D2: team
A3: OWN-17 | B3: Mia Chen | C3: mia.chen@example.com | D3: Core
A4: OWN-21 | B4: Omar Bell | C4: omar.bell@example.com | D4: Core
A5: OWN-34 | B5: Priya Das | C5: priya.das@example.com | D5: Revenue
A6: OWN-55 | B6: Luca Park | C6: luca.park@example.com | D6: Ops

Sheet Dashboard
A1: Close Summary
A2: Tracked Items | B2: =COUNTA('Close Tracker'!A4:A8)
A3: Late Items | B3: =COUNTIF('Close Tracker'!F4:F8,"Late")
A4: On Time Items | B4: =COUNTIF('Close Tracker'!F4:F8,"On Time")
A5: Open Items | B5: =COUNTIF('Close Tracker'!F4:F8,"Open")
A6: Escalations | B6: =COUNTIF('Close Tracker'!I4:I8,"Escalate")
A7: Max Delay | B7: =MAX('Close Tracker'!G4:G8)
A8: Average Delay | B8: =AVERAGEIF('Close Tracker'!G4:G8,">0")
