Workbook

Sheet 需求录入
A1: 字段 | B1: 值
A2: 活动名称
A3: 来宾人数 | B3: 0
A4: 套餐
A5: 特调饮品站 | B5: N
A6: 舞台灯光 | B6: N
A7: 拍照墙 | B7: N
A9: 导入要求
A10: 请把 CSV 首行数据写入本表 B 列，A 列字段名已固定，对应顺序不要改。
A11: 只更新 B2:B7，报价明细和汇总中的公式应继续保留。

Sheet 报价明细
A1: 项目 | B1: 选择 | C1: 数量 | D1: 单价 | E1: 金额
A2: 套餐费用 | B2: =需求录入!B4 | C2: =需求录入!B3 -> 0 | D2: =IF(需求录入!B4="标准",168,IF(需求录入!B4="臻选",228,IF(需求录入!B4="旗舰",288,0))) -> 0 | E2: =C2*D2 -> 0
A3: 特调饮品站 | B3: =IF(需求录入!B5="Y","启用","不启用") -> 不启用 | C3: =IF(需求录入!B5="Y",需求录入!B3,0) -> 0 | D3: =IF(需求录入!B5="Y",26,0) -> 0 | E3: =C3*D3 -> 0
A4: 舞台灯光 | B4: =IF(需求录入!B6="Y","启用","不启用") -> 不启用 | C4: =IF(需求录入!B6="Y",1,0) -> 0 | D4: =IF(需求录入!B6="Y",1800,0) -> 0 | E4: =C4*D4 -> 0
A5: 拍照墙 | B5: =IF(需求录入!B7="Y","启用","不启用") -> 不启用 | C5: =IF(需求录入!B7="Y",1,0) -> 0 | D5: =IF(需求录入!B7="Y",1200,0) -> 0 | E5: =C5*D5 -> 0
A6: 税前小计 | E6: =SUM(E2:E5) -> 0
A7: 税费 | E7: =E6*10% -> 0
A8: 含税总计 | E8: =E6+E7 -> 0

Sheet 汇总
A1: 汇总项 | B1: 值
A2: 活动名称 | B2: =需求录入!B2
A3: 来宾人数 | B3: =需求录入!B3 -> 0
A4: 套餐 | B4: =报价明细!B2
A5: 已启用附加项目数 | B5: =COUNTIF(报价明细!B3:B5,"启用") -> 0
A6: 税前金额 | B6: =报价明细!E6 -> 0
A7: 税费 | B7: =报价明细!E7 -> 0
A8: 含税总额 | B8: =报价明细!E8 -> 0
A9: 说明 | B9: 汇总页依赖报价明细公式自动更新。
