Workbook

Sheet Inputs
A1: Assumption | B1: Value
A2: Stress shock pct | B2: 0.18
A3: Target months cover | B3: 2.5
A4: Expedite premium | B4: 0.12

Sheet Inventory
A1: SKU | B1: Units on Hand | C1: Monthly Usage | D1: Unit Cost | E1: Inventory Value | F1: Months Cover | G1: Stress Loss | H1: Expedited Restock
A2: Vaccine Kits | B2: 4200 | C2: 1500 | D2: 36 | E2: =B2*D2 | F2: =B2/C2 | G2: =E2*Inputs!$B$2 | H2: =MAX(Inputs!$B$3-F2,0)*C2*D2*(1+Inputs!$B$4)
A3: Frozen Meals | B3: 6800 | C3: 2200 | D3: 4.8 | E3: =B3*D3 | F3: =B3/C3 | G3: =E3*Inputs!$B$2 | H3: =MAX(Inputs!$B$3-F3,0)*C3*D3*(1+Inputs!$B$4)
A4: Insulin Packs | B4: 3100 | C4: 900 | D4: 18 | E4: =B4*D4 | F4: =B4/C4 | G4: =E4*Inputs!$B$2 | H4: =MAX(Inputs!$B$3-F4,0)*C4*D4*(1+Inputs!$B$4)
A5: PCM Coolant | B5: 1500 | C5: 400 | D5: 55 | E5: =B5*D5 | F5: =B5/C5 | G5: =E5*Inputs!$B$2 | H5: =MAX(Inputs!$B$3-F5,0)*C5*D5*(1+Inputs!$B$4)

Sheet Scenarios
A1: Metric | B1: Base | C1: Stress
A2: Total inventory value | B2: =SUM(Inventory!E2:E5) | C2: =B2-SUM(Inventory!G2:G5)
A3: Average months cover | B3: =AVERAGE(Inventory!F2:F5) | C3: =MIN(Inventory!F2:F5)
A4: Expedited restock cost | B4: =0 | C4: =SUM(Inventory!H2:H5)

Sheet Scorecard
A1: Metric | B1: Value
A2: Total shock loss | B2: =SUM(Inventory!G2:G5)
A3: Low-buffer SKU count | B3: =COUNTIF(Inventory!F2:F5,"<"&Inputs!$B$3)
A4: Highest-loss SKU | B4: =INDEX(Inventory!A2:A5,MATCH(MAX(Inventory!G2:G5),Inventory!G2:G5,0))
A5: Stress ending value | B5: =Scenarios!C2
A6: Urgency color | B6: =IF(B3=0,"GREEN",IF(B3=1,"AMBER","RED"))
A7: Average cover | B7: =Scenarios!B3
