Workbook

Sheet raw_events
A1: event_id | B1: shift_id | C1: picker_id | D1: item_sku | E1: units_picked | F1: active_seconds | G1: scan_started_at | H1: scan_finished_at | I1: overdue_flag | J1: exception_flag | K1: exception_reason
A2: E001 | B2: S1 | C2: P01 | D2: SKU-100 | E2: 10 | F2: 100 | G2: 2026-02-14 06:05 | H2: 2026-02-14 06:07 | I2: N | J2: N
A3: E002 | B3: S1 | C3: P02 | D3: SKU-220 | E3: 8 | F3: 120 | G3: 2026-02-14 06:20 | H3: 2026-02-14 06:22 | I3: Y | J3: N
A4: E003 | B4: S1 | C4: P03 | D4: SKU-440 | E4: 6 | F4: 60 | G4: 2026-02-14 06:45 | H4: 2026-02-14 06:46 | I4: N | J4: Y | K4: DAMAGED_LABEL
A5: E004 | B5: S2 | C5: P04 | D5: SKU-510 | E5: 12 | F5: 156 | G5: 2026-02-14 14:10 | H5: 2026-02-14 14:13 | I5: Y | J5: N
A6: E005 | B6: S2 | C6: P05 | D6: SKU-611 | E6: 9 | F6: 81 | G6: 2026-02-14 14:30 | H6: 2026-02-14 14:31 | I6: N | J6: N
A7: E006 | B7: S2 | C7: P06 | D7: SKU-734 | E7: 7 | F7: 77 | G7: 2026-02-14 15:05 | H7: 2026-02-14 15:06 | I7: N | J7: Y | K7: MISSING_BIN
A8: E007 | B8: S3 | C8: P07 | D8: SKU-845 | E8: 11 | F8: 99 | G8: 2026-02-15 06:15 | H8: 2026-02-15 06:17 | I8: N | J8: N
A9: E008 | B9: S3 | C9: P08 | D9: SKU-990 | E9: 5 | F9: 80 | G9: 2026-02-15 07:00 | H9: 2026-02-15 07:02 | I9: Y | J9: Y | K9: SHORT_PICK

Sheet shift_summary
A1: shift_id | B1: shift_date | C1: zone | D1: picker_count | E1: target_secs_per_unit | F1: event_count | G1: units_picked | H1: total_active_seconds | I1: avg_secs_per_unit | J1: overdue_rate | K1: exception_count | L1: exception_rate | M1: efficiency_gap
A2: S1 | B2: 2026-02-14 | C2: A | D2: 4 | E2: 12 | F2: =COUNTIF(raw_events!$B$2:$B$9,A2) -> 3 | G2: =SUMIF(raw_events!$B$2:$B$9,A2,raw_events!$E$2:$E$9) -> 24 | H2: =SUMIF(raw_events!$B$2:$B$9,A2,raw_events!$F$2:$F$9) -> 280 | I2: =IF(G2=0,0,H2/G2) -> 11.666667 | J2: =IF(F2=0,0,COUNTIFS(raw_events!$B$2:$B$9,A2,raw_events!$I$2:$I$9,"Y")/F2) -> 0.33333333 | K2: =COUNTIFS(raw_events!$B$2:$B$9,A2,raw_events!$J$2:$J$9,"Y") -> 1 | L2: =IF(F2=0,0,K2/F2) -> 0.33333333 | M2: =I2-E2 -> -0.33333333
A3: S2 | B3: 2026-02-14 | C3: B | D3: 3 | E3: 10 | F3: =COUNTIF(raw_events!$B$2:$B$9,A3) -> 3 | G3: =SUMIF(raw_events!$B$2:$B$9,A3,raw_events!$E$2:$E$9) -> 28 | H3: =SUMIF(raw_events!$B$2:$B$9,A3,raw_events!$F$2:$F$9) -> 314 | I3: =IF(G3=0,0,H3/G3) -> 11.214286 | J3: =IF(F3=0,0,COUNTIFS(raw_events!$B$2:$B$9,A3,raw_events!$I$2:$I$9,"Y")/F3) -> 0.33333333 | K3: =COUNTIFS(raw_events!$B$2:$B$9,A3,raw_events!$J$2:$J$9,"Y") -> 1 | L3: =IF(F3=0,0,K3/F3) -> 0.33333333 | M3: =I3-E3 -> 1.2142857
A4: S3 | B4: 2026-02-15 | C4: A | D4: 5 | E4: 11 | F4: =COUNTIF(raw_events!$B$2:$B$9,A4) -> 2 | G4: =SUMIF(raw_events!$B$2:$B$9,A4,raw_events!$E$2:$E$9) -> 16 | H4: =SUMIF(raw_events!$B$2:$B$9,A4,raw_events!$F$2:$F$9) -> 179 | I4: =IF(G4=0,0,H4/G4) -> 11.1875 | J4: =IF(F4=0,0,COUNTIFS(raw_events!$B$2:$B$9,A4,raw_events!$I$2:$I$9,"Y")/F4) -> 0.5 | K4: =COUNTIFS(raw_events!$B$2:$B$9,A4,raw_events!$J$2:$J$9,"Y") -> 1 | L4: =IF(F4=0,0,K4/F4) -> 0.5 | M4: =I4-E4 -> 0.1875

Sheet exceptions
A1: event_id | B1: shift_id | C1: picker_id | D1: issue_type | E1: overdue_flag | F1: exception_flag | G1: exception_reason | H1: units_picked | I1: active_seconds
A2: E002 | B2: S1 | C2: P02 | D2: overdue | E2: Y | F2: N | H2: 8 | I2: 120
A3: E003 | B3: S1 | C3: P03 | D3: exception | E3: N | F3: Y | G3: DAMAGED_LABEL | H3: 6 | I3: 60
A4: E004 | B4: S2 | C4: P04 | D4: overdue | E4: Y | F4: N | H4: 12 | I4: 156
A5: E006 | B5: S2 | C5: P06 | D5: exception | E5: N | F5: Y | G5: MISSING_BIN | H5: 7 | I5: 77
A6: E008 | B6: S3 | C6: P08 | D6: overdue+exception | E6: Y | F6: Y | G6: SHORT_PICK | H6: 5 | I6: 80

Sheet dashboard
A1: metric | B1: value
A2: total_shifts | B2: =COUNTA(shift_summary!$A$2:$A$4) -> 3
A3: total_units | B3: =SUM(shift_summary!$G$2:$G$4) -> 68
A4: weighted_avg_secs_per_unit | B4: =IF(B3=0,0,SUM(shift_summary!$H$2:$H$4)/B3) -> 11.367647
A5: overall_overdue_rate | B5: =IF(SUM(shift_summary!$F$2:$F$4)=0,0,SUMPRODUCT(shift_summary!$F$2:$F$4,shift_summary!$J$2:$J$4)/SUM(shift_summary!$F$2:$F$4)) -> 0.375
A6: overall_exception_rate | B6: =IF(SUM(shift_summary!$F$2:$F$4)=0,0,SUM(shift_summary!$K$2:$K$4)/SUM(shift_summary!$F$2:$F$4)) -> 0.375
A7: slowest_shift | B7: =INDEX(shift_summary!$A$2:$A$4,MATCH(MAX(shift_summary!$I$2:$I$4),shift_summary!$I$2:$I$4,0)) -> S1
A8: highest_overdue_rate_shift | B8: =INDEX(shift_summary!$A$2:$A$4,MATCH(MAX(shift_summary!$J$2:$J$4),shift_summary!$J$2:$J$4,0)) -> S3
