Workbook

Sheet Demand
A1: Month | B1: North | C1: Central | D1: South
A2: Jan | B2: 680 | C2: 540 | D2: 430
A3: Feb | B3: 720 | C3: 560 | D3: 450
A4: Mar | B4: 760 | C4: 590 | D4: 460
A5: Apr | B5: 810 | C5: 610 | D5: 500
A6: May | B6: 790 | C6: 630 | D6: 520
A7: Jun | B7: 770 | C7: 650 | D7: 540

Sheet Sites
A1: Region | B1: Current racks
A2: North | B2: 11
A3: Central | B3: 10
A4: South | B4: 8

Sheet Config
A1: Parameter | B1: Value
A2: Turns per month | B2: 4
A3: Buffer pct | B3: 0.12
A4: Positions per rack | B4: 48
A5: Build cost per rack | B5: 1850
A6: Automation premium | B6: 0.18
A7: Outsource cost per pallet | B7: 7.5

Sheet Capacity_Model
A1: Region | B1: Avg monthly pallets | C1: Required positions | D1: Current racks | E1: Required racks | F1: Added racks | G1: Base capex | H1: Automated capex | I1: Monthly shortfall pallets | J1: Monthly outsource cost
A2: North | B2: =AVERAGE(Demand!B2:B7) | C2: =B2/Config!$B$2*(1+Config!$B$3) | D2: =Sites!B2 | E2: =ROUNDUP(C2/Config!$B$4,0) | F2: =MAX(E2-D2,0) | G2: =F2*Config!$B$5 | H2: =G2*(1+Config!$B$6) | I2: =MAX(C2-D2*Config!$B$4,0) | J2: =I2*Config!$B$7
A3: Central | B3: =AVERAGE(Demand!C2:C7) | C3: =B3/Config!$B$2*(1+Config!$B$3) | D3: =Sites!B3 | E3: =ROUNDUP(C3/Config!$B$4,0) | F3: =MAX(E3-D3,0) | G3: =F3*Config!$B$5 | H3: =G3*(1+Config!$B$6) | I3: =MAX(C3-D3*Config!$B$4,0) | J3: =I3*Config!$B$7
A4: South | B4: =AVERAGE(Demand!D2:D7) | C4: =B4/Config!$B$2*(1+Config!$B$3) | D4: =Sites!B4 | E4: =ROUNDUP(C4/Config!$B$4,0) | F4: =MAX(E4-D4,0) | G4: =F4*Config!$B$5 | H4: =G4*(1+Config!$B$6) | I4: =MAX(C4-D4*Config!$B$4,0) | J4: =I4*Config!$B$7

Sheet Summary
A1: Metric | B1: Value
A2: Total base capex | B2: =SUM(Capacity_Model!G2:G4)
A3: Total automated capex | B3: =SUM(Capacity_Model!H2:H4)
A4: Total monthly outsource cost | B4: =SUM(Capacity_Model!J2:J4)
A5: Highest required positions region | B5: =INDEX(Capacity_Model!A2:A4,MATCH(MAX(Capacity_Model!C2:C4),Capacity_Model!C2:C4,0))
A6: Total added racks | B6: =SUM(Capacity_Model!F2:F4)
