Workbook

Sheet Shipment_Forecast
A1: Warehouse buffer stock demand template
A2: Baseline monthly growth | B2: 0.025
A3: Stress demand uplift | B3: 0.06
A7: Month | B7: Actual_Shipments | C7: Baseline_Demand | D7: Seasonal_Uplift | E7: Stress_Demand
A8: 2025-01 | B8: 9450 | C8: =B8 -> 9450 | D8: 0 | E8: =C8 -> 9450
A9: 2025-02 | B9: 9720 | C9: =B9 -> 9720 | D9: 0 | E9: =C9 -> 9720
A10: 2025-03 | B10: 10010 | C10: =B10 -> 10010 | D10: 0 | E10: =C10 -> 10010
A11: 2025-04 | C11: =C10*(1+$B$2) -> 10260.25 | D11: 0.01 | E11: =C11*(1+$B$3+D11) -> 10978.468
A12: 2025-05 | C12: =C11*(1+$B$2) -> 10516.756 | D12: 0.03 | E12: =C12*(1+$B$3+D12) -> 11463.264
A13: 2025-06 | C13: =C12*(1+$B$2) -> 10779.675 | D13: 0.05 | E13: =C13*(1+$B$3+D13) -> 11965.439
A14: 2025-07 | C14: =C13*(1+$B$2) -> 11049.167 | D14: 0.04 | E14: =C14*(1+$B$3+D14) -> 12154.084
A15: 2025-08 | C15: =C14*(1+$B$2) -> 11325.396 | D15: 0.02 | E15: =C15*(1+$B$3+D15) -> 12231.428
A16: 2025-09 | C16: =C15*(1+$B$2) -> 11608.531 | D16: 0.01 | E16: =C16*(1+$B$3+D16) -> 12421.128

Sheet Capacity_Loss
A1: Warehouse usable capacity after monthly loss
A2: Nominal storage capacity | B2: 11800
A3: Lease overflow capacity | B3: 1800
A4: Rack upgrade capacity | B4: 2600
A5: Rack loss reduction | B5: 0.004
A7: Month | B7: Loss_Rate | C7: Baseline_Usable_Capacity | D7: Lease_Usable_Capacity | E7: Rack_Loss_Rate | F7: Rack_Usable_Capacity
A8: 2025-01 | B8: 0.012 | C8: =$B$2*(1-B8) -> 11658.4 | D8: =($B$2+$B$3)*(1-B8) -> 13436.8 | E8: =MAX(B8-$B$5,0) -> 0.008 | F8: =($B$2+$B$4)*(1-E8) -> 14284.8
A9: 2025-02 | B9: 0.013 | C9: =$B$2*(1-B9) -> 11646.6 | D9: =($B$2+$B$3)*(1-B9) -> 13423.2 | E9: =MAX(B9-$B$5,0) -> 0.009 | F9: =($B$2+$B$4)*(1-E9) -> 14270.4
A10: 2025-03 | B10: 0.013 | C10: =$B$2*(1-B10) -> 11646.6 | D10: =($B$2+$B$3)*(1-B10) -> 13423.2 | E10: =MAX(B10-$B$5,0) -> 0.009 | F10: =($B$2+$B$4)*(1-E10) -> 14270.4
A11: 2025-04 | B11: 0.015 | C11: =$B$2*(1-B11) -> 11623 | D11: =($B$2+$B$3)*(1-B11) -> 13396 | E11: =MAX(B11-$B$5,0) -> 0.011 | F11: =($B$2+$B$4)*(1-E11) -> 14241.6
A12: 2025-05 | B12: 0.018 | C12: =$B$2*(1-B12) -> 11587.6 | D12: =($B$2+$B$3)*(1-B12) -> 13355.2 | E12: =MAX(B12-$B$5,0) -> 0.014 | F12: =($B$2+$B$4)*(1-E12) -> 14198.4
A13: 2025-06 | B13: 0.019 | C13: =$B$2*(1-B13) -> 11575.8 | D13: =($B$2+$B$3)*(1-B13) -> 13341.6 | E13: =MAX(B13-$B$5,0) -> 0.015 | F13: =($B$2+$B$4)*(1-E13) -> 14184
A14: 2025-07 | B14: 0.017 | C14: =$B$2*(1-B14) -> 11599.4 | D14: =($B$2+$B$3)*(1-B14) -> 13368.8 | E14: =MAX(B14-$B$5,0) -> 0.013 | F14: =($B$2+$B$4)*(1-E14) -> 14212.8
A15: 2025-08 | B15: 0.016 | C15: =$B$2*(1-B15) -> 11611.2 | D15: =($B$2+$B$3)*(1-B15) -> 13382.4 | E15: =MAX(B15-$B$5,0) -> 0.012 | F15: =($B$2+$B$4)*(1-E15) -> 14227.2
A16: 2025-09 | B16: 0.015 | C16: =$B$2*(1-B16) -> 11623 | D16: =($B$2+$B$3)*(1-B16) -> 13396 | E16: =MAX(B16-$B$5,0) -> 0.011 | F16: =($B$2+$B$4)*(1-E16) -> 14241.6

Sheet Replenishment_Plan
A1: Planned replenishment and optional overflow supply
A2: Opening inventory | B2: 10800
A3: Target service level | B3: 0.97
A4: Target buffer days | B4: 18
A7: Month | B7: Planned_Receipts | C7: Supplier_Fill_Rate | D7: Baseline_Net_Receipts | E7: Lease_Extra_Receipts | F7: Rack_Extra_Receipts
A8: 2025-01 | B8: 6200 | C8: 0.95 | D8: =B8*C8 -> 5890 | E8: 0 | F8: 0
A9: 2025-02 | B9: 6400 | C9: 0.96 | D9: =B9*C9 -> 6144 | E9: 0 | F9: 0
A10: 2025-03 | B10: 6100 | C10: 0.97 | D10: =B10*C10 -> 5917 | E10: 0 | F10: 0
A11: 2025-04 | B11: 6800 | C11: 0.95 | D11: =B11*C11 -> 6460 | E11: 900 | F11: 500
A12: 2025-05 | B12: 7000 | C12: 0.94 | D12: =B12*C12 -> 6580 | E12: 1100 | F12: 700
A13: 2025-06 | B13: 7300 | C13: 0.95 | D13: =B13*C13 -> 6935 | E13: 1200 | F13: 800
A14: 2025-07 | B14: 7100 | C14: 0.96 | D14: =B14*C14 -> 6816 | E14: 900 | F14: 900
A15: 2025-08 | B15: 6900 | C15: 0.97 | D15: =B15*C15 -> 6693 | E15: 800 | F15: 900
A16: 2025-09 | B16: 7200 | C16: 0.97 | D16: =B16*C16 -> 6984 | E16: 700 | F16: 900

Sheet Inventory_Rollforward
A1: Monthly inventory rollforward under baseline capacity
A2: Target service level link | B2: =Replenishment_Plan!$B$3 -> 0.97
A3: Average closing inventory | B3: =AVERAGE(I8:I16) -> 1148.1111
A4: Months below target service | B4: =COUNTIF(J8:J16,"<"&B2) -> 7
A7: Month | B7: Opening_Inventory | C7: Net_Receipts | D7: Gross_Stock | E7: Loss_Units | F7: Net_Available | G7: Baseline_Demand | H7: Shipments_Fulfilled | I7: Closing_Inventory | J7: Service_Level | K7: Capacity_Utilization | L7: Buffer_Days_On_Hand
A8: 2025-01 | B8: =Replenishment_Plan!$B$2 -> 10800 | C8: =Replenishment_Plan!D8 -> 5890 | D8: =B8+C8 -> 16690 | E8: =ROUND(D8*Capacity_Loss!B8,0) -> 200 | F8: =D8-E8 -> 16490 | G8: =Shipment_Forecast!C8 -> 9450 | H8: =MIN(G8,F8) -> 9450 | I8: =MIN(Capacity_Loss!C8,F8-H8) -> 7040 | J8: =H8/G8 -> 1 | K8: =I8/Capacity_Loss!C8 -> 0.60385645 | L8: =IF(G8=0,0,I8/(G8/30)) -> 22.349206
A9: 2025-02 | B9: =I8 -> 7040 | C9: =Replenishment_Plan!D9 -> 6144 | D9: =B9+C9 -> 13184 | E9: =ROUND(D9*Capacity_Loss!B9,0) -> 171 | F9: =D9-E9 -> 13013 | G9: =Shipment_Forecast!C9 -> 9720 | H9: =MIN(G9,F9) -> 9720 | I9: =MIN(Capacity_Loss!C9,F9-H9) -> 3293 | J9: =H9/G9 -> 1 | K9: =I9/Capacity_Loss!C9 -> 0.28274346 | L9: =IF(G9=0,0,I9/(G9/30)) -> 10.16358
A10: 2025-03 | B10: =I9 -> 3293 | C10: =Replenishment_Plan!D10 -> 5917 | D10: =B10+C10 -> 9210 | E10: =ROUND(D10*Capacity_Loss!B10,0) -> 120 | F10: =D10-E10 -> 9090 | G10: =Shipment_Forecast!C10 -> 10010 | H10: =MIN(G10,F10) -> 9090 | I10: =MIN(Capacity_Loss!C10,F10-H10) -> 0 | J10: =H10/G10 -> 0.90809191 | K10: =I10/Capacity_Loss!C10 -> 0 | L10: =IF(G10=0,0,I10/(G10/30)) -> 0
A11: 2025-04 | B11: =I10 -> 0 | C11: =Replenishment_Plan!D11 -> 6460 | D11: =B11+C11 -> 6460 | E11: =ROUND(D11*Capacity_Loss!B11,0) -> 97 | F11: =D11-E11 -> 6363 | G11: =Shipment_Forecast!C11 -> 10260.25 | H11: =MIN(G11,F11) -> 6363 | I11: =MIN(Capacity_Loss!C11,F11-H11) -> 0 | J11: =H11/G11 -> 0.62016033 | K11: =I11/Capacity_Loss!C11 -> 0 | L11: =IF(G11=0,0,I11/(G11/30)) -> 0
A12: 2025-05 | B12: =I11 -> 0 | C12: =Replenishment_Plan!D12 -> 6580 | D12: =B12+C12 -> 6580 | E12: =ROUND(D12*Capacity_Loss!B12,0) -> 118 | F12: =D12-E12 -> 6462 | G12: =Shipment_Forecast!C12 -> 10516.756 | H12: =MIN(G12,F12) -> 6462 | I12: =MIN(Capacity_Loss!C12,F12-H12) -> 0 | J12: =H12/G12 -> 0.61444801 | K12: =I12/Capacity_Loss!C12 -> 0 | L12: =IF(G12=0,0,I12/(G12/30)) -> 0
A13: 2025-06 | B13: =I12 -> 0 | C13: =Replenishment_Plan!D13 -> 6935 | D13: =B13+C13 -> 6935 | E13: =ROUND(D13*Capacity_Loss!B13,0) -> 132 | F13: =D13-E13 -> 6803 | G13: =Shipment_Forecast!C13 -> 10779.675 | H13: =MIN(G13,F13) -> 6803 | I13: =MIN(Capacity_Loss!C13,F13-H13) -> 0 | J13: =H13/G13 -> 0.63109508 | K13: =I13/Capacity_Loss!C13 -> 0 | L13: =IF(G13=0,0,I13/(G13/30)) -> 0
A14: 2025-07 | B14: =I13 -> 0 | C14: =Replenishment_Plan!D14 -> 6816 | D14: =B14+C14 -> 6816 | E14: =ROUND(D14*Capacity_Loss!B14,0) -> 116 | F14: =D14-E14 -> 6700 | G14: =Shipment_Forecast!C14 -> 11049.167 | H14: =MIN(G14,F14) -> 6700 | I14: =MIN(Capacity_Loss!C14,F14-H14) -> 0 | J14: =H14/G14 -> 0.60638055 | K14: =I14/Capacity_Loss!C14 -> 0 | L14: =IF(G14=0,0,I14/(G14/30)) -> 0
A15: 2025-08 | B15: =I14 -> 0 | C15: =Replenishment_Plan!D15 -> 6693 | D15: =B15+C15 -> 6693 | E15: =ROUND(D15*Capacity_Loss!B15,0) -> 107 | F15: =D15-E15 -> 6586 | G15: =Shipment_Forecast!C15 -> 11325.396 | H15: =MIN(G15,F15) -> 6586 | I15: =MIN(Capacity_Loss!C15,F15-H15) -> 0 | J15: =H15/G15 -> 0.58152491 | K15: =I15/Capacity_Loss!C15 -> 0 | L15: =IF(G15=0,0,I15/(G15/30)) -> 0
A16: 2025-09 | B16: =I15 -> 0 | C16: =Replenishment_Plan!D16 -> 6984 | D16: =B16+C16 -> 6984 | E16: =ROUND(D16*Capacity_Loss!B16,0) -> 105 | F16: =D16-E16 -> 6879 | G16: =Shipment_Forecast!C16 -> 11608.531 | H16: =MIN(G16,F16) -> 6879 | I16: =MIN(Capacity_Loss!C16,F16-H16) -> 0 | J16: =H16/G16 -> 0.59258143 | K16: =I16/Capacity_Loss!C16 -> 0 | L16: =IF(G16=0,0,I16/(G16/30)) -> 0

Sheet Service_Gap
A1: Stress service gap and required safety stock
A2: Target buffer days link | B2: =Replenishment_Plan!$B$4 -> 18
A3: Total unserved stress demand | B3: =SUM(D8:D16) -> 32340.811
A4: Maximum service level gap | B4: =MAX(G8:G16) -> 0.43155101
A5: Total buffer shortfall | B5: =SUM(J8:J16) -> 51273.287
A7: Month | B7: Stress_Demand | C7: Baseline_Fulfilled | D7: Unserved_Stress | E7: Stress_Service_Level | F7: Target_Service_Level | G7: Service_Level_Gap | H7: Required_Buffer_Units | I7: Actual_Closing_Inventory | J7: Buffer_Shortfall
A8: 2025-01 | B8: =Shipment_Forecast!E8 -> 9450 | C8: =Inventory_Rollforward!H8 -> 9450 | D8: =MAX(B8-C8,0) -> 0 | E8: =C8/B8 -> 1 | F8: =Replenishment_Plan!$B$3 -> 0.97 | G8: =MAX(F8-E8,0) -> 0 | H8: =B8/30*$B$2 -> 5670 | I8: =Inventory_Rollforward!I8 -> 7040 | J8: =MAX(H8-I8,0) -> 0
A9: 2025-02 | B9: =Shipment_Forecast!E9 -> 9720 | C9: =Inventory_Rollforward!H9 -> 9720 | D9: =MAX(B9-C9,0) -> 0 | E9: =C9/B9 -> 1 | F9: =Replenishment_Plan!$B$3 -> 0.97 | G9: =MAX(F9-E9,0) -> 0 | H9: =B9/30*$B$2 -> 5832 | I9: =Inventory_Rollforward!I9 -> 3293 | J9: =MAX(H9-I9,0) -> 2539
A10: 2025-03 | B10: =Shipment_Forecast!E10 -> 10010 | C10: =Inventory_Rollforward!H10 -> 9090 | D10: =MAX(B10-C10,0) -> 920 | E10: =C10/B10 -> 0.90809191 | F10: =Replenishment_Plan!$B$3 -> 0.97 | G10: =MAX(F10-E10,0) -> 0.061908092 | H10: =B10/30*$B$2 -> 6006 | I10: =Inventory_Rollforward!I10 -> 0 | J10: =MAX(H10-I10,0) -> 6006
A11: 2025-04 | B11: =Shipment_Forecast!E11 -> 10978.468 | C11: =Inventory_Rollforward!H11 -> 6363 | D11: =MAX(B11-C11,0) -> 4615.4675 | E11: =C11/B11 -> 0.57958909 | F11: =Replenishment_Plan!$B$3 -> 0.97 | G11: =MAX(F11-E11,0) -> 0.39041091 | H11: =B11/30*$B$2 -> 6587.0805 | I11: =Inventory_Rollforward!I11 -> 0 | J11: =MAX(H11-I11,0) -> 6587.0805
A12: 2025-05 | B12: =Shipment_Forecast!E12 -> 11463.264 | C12: =Inventory_Rollforward!H12 -> 6462 | D12: =MAX(B12-C12,0) -> 5001.2643 | E12: =C12/B12 -> 0.56371378 | F12: =Replenishment_Plan!$B$3 -> 0.97 | G12: =MAX(F12-E12,0) -> 0.40628622 | H12: =B12/30*$B$2 -> 6877.9586 | I12: =Inventory_Rollforward!I12 -> 0 | J12: =MAX(H12-I12,0) -> 6877.9586
A13: 2025-06 | B13: =Shipment_Forecast!E13 -> 11965.439 | C13: =Inventory_Rollforward!H13 -> 6803 | D13: =MAX(B13-C13,0) -> 5162.4394 | E13: =C13/B13 -> 0.56855413 | F13: =Replenishment_Plan!$B$3 -> 0.97 | G13: =MAX(F13-E13,0) -> 0.40144587 | H13: =B13/30*$B$2 -> 7179.2637 | I13: =Inventory_Rollforward!I13 -> 0 | J13: =MAX(H13-I13,0) -> 7179.2637
A14: 2025-07 | B14: =Shipment_Forecast!E14 -> 12154.084 | C14: =Inventory_Rollforward!H14 -> 6700 | D14: =MAX(B14-C14,0) -> 5454.0837 | E14: =C14/B14 -> 0.55125505 | F14: =Replenishment_Plan!$B$3 -> 0.97 | G14: =MAX(F14-E14,0) -> 0.41874495 | H14: =B14/30*$B$2 -> 7292.4502 | I14: =Inventory_Rollforward!I14 -> 0 | J14: =MAX(H14-I14,0) -> 7292.4502
A15: 2025-08 | B15: =Shipment_Forecast!E15 -> 12231.428 | C15: =Inventory_Rollforward!H15 -> 6586 | D15: =MAX(B15-C15,0) -> 5645.4279 | E15: =C15/B15 -> 0.53844899 | F15: =Replenishment_Plan!$B$3 -> 0.97 | G15: =MAX(F15-E15,0) -> 0.43155101 | H15: =B15/30*$B$2 -> 7338.8567 | I15: =Inventory_Rollforward!I15 -> 0 | J15: =MAX(H15-I15,0) -> 7338.8567
A16: 2025-09 | B16: =Shipment_Forecast!E16 -> 12421.128 | C16: =Inventory_Rollforward!H16 -> 6879 | D16: =MAX(B16-C16,0) -> 5542.1283 | E16: =C16/B16 -> 0.55381442 | F16: =Replenishment_Plan!$B$3 -> 0.97 | G16: =MAX(F16-E16,0) -> 0.41618558 | H16: =B16/30*$B$2 -> 7452.677 | I16: =Inventory_Rollforward!I16 -> 0 | J16: =MAX(H16-I16,0) -> 7452.677

Sheet Expansion_Comparison
A1: Expansion option comparison for protected buffer units
A2: Lease cost per protected unit | B2: 22
A3: Rack cost per protected unit | B3: 46
A5: Total lease coverage | B5: =SUM(C8:C16) -> 19773.2
A6: Total rack coverage | B6: =SUM(E8:E16) -> 25218
A7: Month | B7: Baseline_Buffer_Shortfall | C7: Lease_Coverage | D7: Lease_Remaining_Gap | E7: Rack_Coverage | F7: Rack_Remaining_Gap | G7: Lease_Cost | H7: Rack_Cost | I7: Lease_Cost_Per_Protected_Unit | J7: Rack_Cost_Per_Protected_Unit
A8: 2025-01 | B8: =Service_Gap!J8 -> 0 | C8: =MIN(B8,Replenishment_Plan!E8+Capacity_Loss!$B$3*(1-Capacity_Loss!B8)) -> 0 | D8: =MAX(B8-C8,0) -> 0 | E8: =MIN(B8,Replenishment_Plan!F8+Capacity_Loss!$B$4*(1-Capacity_Loss!E8)) -> 0 | F8: =MAX(B8-E8,0) -> 0 | G8: =C8*$B$2 -> 0 | H8: =E8*$B$3 -> 0 | I8: =IF(C8=0,0,G8/C8) -> 0 | J8: =IF(E8=0,0,H8/E8) -> 0
A9: 2025-02 | B9: =Service_Gap!J9 -> 2539 | C9: =MIN(B9,Replenishment_Plan!E9+Capacity_Loss!$B$3*(1-Capacity_Loss!B9)) -> 1776.6 | D9: =MAX(B9-C9,0) -> 762.4 | E9: =MIN(B9,Replenishment_Plan!F9+Capacity_Loss!$B$4*(1-Capacity_Loss!E9)) -> 2539 | F9: =MAX(B9-E9,0) -> 0 | G9: =C9*$B$2 -> 39085.2 | H9: =E9*$B$3 -> 116794 | I9: =IF(C9=0,0,G9/C9) -> 22 | J9: =IF(E9=0,0,H9/E9) -> 46
A10: 2025-03 | B10: =Service_Gap!J10 -> 6006 | C10: =MIN(B10,Replenishment_Plan!E10+Capacity_Loss!$B$3*(1-Capacity_Loss!B10)) -> 1776.6 | D10: =MAX(B10-C10,0) -> 4229.4 | E10: =MIN(B10,Replenishment_Plan!F10+Capacity_Loss!$B$4*(1-Capacity_Loss!E10)) -> 2576.6 | F10: =MAX(B10-E10,0) -> 3429.4 | G10: =C10*$B$2 -> 39085.2 | H10: =E10*$B$3 -> 118523.6 | I10: =IF(C10=0,0,G10/C10) -> 22 | J10: =IF(E10=0,0,H10/E10) -> 46
A11: 2025-04 | B11: =Service_Gap!J11 -> 6587.0805 | C11: =MIN(B11,Replenishment_Plan!E11+Capacity_Loss!$B$3*(1-Capacity_Loss!B11)) -> 2673 | D11: =MAX(B11-C11,0) -> 3914.0805 | E11: =MIN(B11,Replenishment_Plan!F11+Capacity_Loss!$B$4*(1-Capacity_Loss!E11)) -> 3071.4 | F11: =MAX(B11-E11,0) -> 3515.6805 | G11: =C11*$B$2 -> 58806 | H11: =E11*$B$3 -> 141284.4 | I11: =IF(C11=0,0,G11/C11) -> 22 | J11: =IF(E11=0,0,H11/E11) -> 46
A12: 2025-05 | B12: =Service_Gap!J12 -> 6877.9586 | C12: =MIN(B12,Replenishment_Plan!E12+Capacity_Loss!$B$3*(1-Capacity_Loss!B12)) -> 2867.6 | D12: =MAX(B12-C12,0) -> 4010.3586 | E12: =MIN(B12,Replenishment_Plan!F12+Capacity_Loss!$B$4*(1-Capacity_Loss!E12)) -> 3263.6 | F12: =MAX(B12-E12,0) -> 3614.3586 | G12: =C12*$B$2 -> 63087.2 | H12: =E12*$B$3 -> 150125.6 | I12: =IF(C12=0,0,G12/C12) -> 22 | J12: =IF(E12=0,0,H12/E12) -> 46
A13: 2025-06 | B13: =Service_Gap!J13 -> 7179.2637 | C13: =MIN(B13,Replenishment_Plan!E13+Capacity_Loss!$B$3*(1-Capacity_Loss!B13)) -> 2965.8 | D13: =MAX(B13-C13,0) -> 4213.4637 | E13: =MIN(B13,Replenishment_Plan!F13+Capacity_Loss!$B$4*(1-Capacity_Loss!E13)) -> 3361 | F13: =MAX(B13-E13,0) -> 3818.2637 | G13: =C13*$B$2 -> 65247.6 | H13: =E13*$B$3 -> 154606 | I13: =IF(C13=0,0,G13/C13) -> 22 | J13: =IF(E13=0,0,H13/E13) -> 46
A14: 2025-07 | B14: =Service_Gap!J14 -> 7292.4502 | C14: =MIN(B14,Replenishment_Plan!E14+Capacity_Loss!$B$3*(1-Capacity_Loss!B14)) -> 2669.4 | D14: =MAX(B14-C14,0) -> 4623.0502 | E14: =MIN(B14,Replenishment_Plan!F14+Capacity_Loss!$B$4*(1-Capacity_Loss!E14)) -> 3466.2 | F14: =MAX(B14-E14,0) -> 3826.2502 | G14: =C14*$B$2 -> 58726.8 | H14: =E14*$B$3 -> 159445.2 | I14: =IF(C14=0,0,G14/C14) -> 22 | J14: =IF(E14=0,0,H14/E14) -> 46
A15: 2025-08 | B15: =Service_Gap!J15 -> 7338.8567 | C15: =MIN(B15,Replenishment_Plan!E15+Capacity_Loss!$B$3*(1-Capacity_Loss!B15)) -> 2571.2 | D15: =MAX(B15-C15,0) -> 4767.6567 | E15: =MIN(B15,Replenishment_Plan!F15+Capacity_Loss!$B$4*(1-Capacity_Loss!E15)) -> 3468.8 | F15: =MAX(B15-E15,0) -> 3870.0567 | G15: =C15*$B$2 -> 56566.4 | H15: =E15*$B$3 -> 159564.8 | I15: =IF(C15=0,0,G15/C15) -> 22 | J15: =IF(E15=0,0,H15/E15) -> 46
A16: 2025-09 | B16: =Service_Gap!J16 -> 7452.677 | C16: =MIN(B16,Replenishment_Plan!E16+Capacity_Loss!$B$3*(1-Capacity_Loss!B16)) -> 2473 | D16: =MAX(B16-C16,0) -> 4979.677 | E16: =MIN(B16,Replenishment_Plan!F16+Capacity_Loss!$B$4*(1-Capacity_Loss!E16)) -> 3471.4 | F16: =MAX(B16-E16,0) -> 3981.277 | G16: =C16*$B$2 -> 54406 | H16: =E16*$B$3 -> 159684.4 | I16: =IF(C16=0,0,G16/C16) -> 22 | J16: =IF(E16=0,0,H16/E16) -> 46
