Workbook

Sheet Fleet
A1: Route | B1: Buses | C1: Daily km | D1: Diesel L/100km | E1: Electric kWh/km
A2: Route A | B2: 12 | C2: 240 | D2: 34 | E2: 1.28
A3: Route B | B3: 9 | C3: 180 | D3: 31 | E3: 1.1
A4: Route C | B4: 7 | C4: 210 | D4: 29 | E4: 1.05
A5: Route D | B5: 5 | C5: 160 | D5: 27 | E5: 0.96

Sheet Tariffs
A1: Parameter | B1: Value
A2: Diesel price | B2: 1.42
A3: Electricity price | B3: 0.18
A4: Charger cost | B4: 18500
A5: Bus premium | B5: 132000
A6: Diesel CO2 kg/L | B6: 2.68
A7: Grid CO2 kg/kWh | B7: 0.43

Sheet Deployment
A1: Route | B1: Annual km | C1: Annual diesel cost | D1: Annual electric cost | E1: Annual savings | F1: Chargers needed | G1: Charger capex | H1: Bus premium capex | I1: Annual emissions reduction (t)
A2: =Fleet!A2 | B2: =Fleet!C2*365*Fleet!B2 | C2: =B2*Fleet!D2/100*Tariffs!$B$2 | D2: =B2*Fleet!E2*Tariffs!$B$3 | E2: =C2-D2 | F2: =ROUNDUP(Fleet!B2/4,0) | G2: =F2*Tariffs!$B$4 | H2: =Fleet!B2*Tariffs!$B$5 | I2: =((B2*Fleet!D2/100*Tariffs!$B$6)-(B2*Fleet!E2*Tariffs!$B$7))/1000
A3: =Fleet!A3 | B3: =Fleet!C3*365*Fleet!B3 | C3: =B3*Fleet!D3/100*Tariffs!$B$2 | D3: =B3*Fleet!E3*Tariffs!$B$3 | E3: =C3-D3 | F3: =ROUNDUP(Fleet!B3/4,0) | G3: =F3*Tariffs!$B$4 | H3: =Fleet!B3*Tariffs!$B$5 | I3: =((B3*Fleet!D3/100*Tariffs!$B$6)-(B3*Fleet!E3*Tariffs!$B$7))/1000
A4: =Fleet!A4 | B4: =Fleet!C4*365*Fleet!B4 | C4: =B4*Fleet!D4/100*Tariffs!$B$2 | D4: =B4*Fleet!E4*Tariffs!$B$3 | E4: =C4-D4 | F4: =ROUNDUP(Fleet!B4/4,0) | G4: =F4*Tariffs!$B$4 | H4: =Fleet!B4*Tariffs!$B$5 | I4: =((B4*Fleet!D4/100*Tariffs!$B$6)-(B4*Fleet!E4*Tariffs!$B$7))/1000
A5: =Fleet!A5 | B5: =Fleet!C5*365*Fleet!B5 | C5: =B5*Fleet!D5/100*Tariffs!$B$2 | D5: =B5*Fleet!E5*Tariffs!$B$3 | E5: =C5-D5 | F5: =ROUNDUP(Fleet!B5/4,0) | G5: =F5*Tariffs!$B$4 | H5: =Fleet!B5*Tariffs!$B$5 | I5: =((B5*Fleet!D5/100*Tariffs!$B$6)-(B5*Fleet!E5*Tariffs!$B$7))/1000

Sheet Summary
A1: Metric | B1: Value
A2: Total annual savings | B2: =SUM(Deployment!E2:E5)
A3: Total chargers | B3: =SUM(Deployment!F2:F5)
A4: Total capex | B4: =SUM(Deployment!G2:G5)+SUM(Deployment!H2:H5)
A5: Payback years | B5: =B4/B2
A6: Top savings route | B6: =INDEX(Deployment!A2:A5,MATCH(MAX(Deployment!E2:E5),Deployment!E2:E5,0))
A7: Total emissions reduction | B7: =SUM(Deployment!I2:I5)
