Workbook

Sheet Historical
A1: Year | B1: CapitalStock | C1: Output | D1: Labor | E1: CFC
A2: 2018 | B2: 410 | C2: 298 | D2: 143 | E2: 7.6
A3: 2019 | B3: 428 | C3: 309 | D3: 145 | E3: 7.9
A4: 2020 | B4: 441 | C4: 318 | D4: 147 | E4: 8
A5: 2021 | B5: 456 | C5: 332 | D5: 149 | E5: 8.4
A6: 2022 | B6: 472 | C6: 345 | D6: 151 | E6: 8.8
A7: 2023 | B7: 489 | C7: 359 | D7: 154 | E7: 9.2
A8: 2024 | B8: 507 | C8: 374 | D8: 156 | E8: 9.5
A9: 2025 | B9: 526 | C9: 389 | D9: 158 | E9: 9.9

Sheet Depreciation
A1: Year | B1: CFC | C1: CapitalStock | D1: DepRate
A2: =Historical!A2 | B2: =Historical!E2 | C2: =Historical!B2 | D2: TODO
A3: =Historical!A3 | B3: =Historical!E3 | C3: =Historical!B3 | D3: TODO
A4: =Historical!A4 | B4: =Historical!E4 | C4: =Historical!B4 | D4: TODO
A5: =Historical!A5 | B5: =Historical!E5 | C5: =Historical!B5 | D5: TODO
A6: =Historical!A6 | B6: =Historical!E6 | C6: =Historical!B6 | D6: TODO
A7: =Historical!A7 | B7: =Historical!E7 | C7: =Historical!B7 | D7: TODO
A8: =Historical!A8 | B8: =Historical!E8 | C8: =Historical!B8 | D8: TODO
A9: =Historical!A9 | B9: =Historical!E9 | C9: =Historical!B9 | D9: TODO

Sheet Shock
A1: Year | B1: ExtraInvestment
A2: 2026 | B2: 18
A3: 2027 | B3: 20
A4: 2028 | B4: 22
A5: 2029 | B5: 24
A6: 2030 | B6: 24
A7: 2031 | B7: 22
A8: 2032 | B8: 20
A9: 2033 | B9: 18

Sheet Assumptions
A1: Parameter | B1: Value
A2: CapitalShare | B2: 0.42
A3: ProjectionLabor | B3: 158

Sheet Model
A1: Manufacturer Shock Model
A3: Avg depreciation rate (recent 4 yrs) | B3: TODO
A5: Section
A6: Year | B6: Capital | C6: Output | D6: Labor | E6: LnK | F6: LnY | G6: TFP
A7: TODO | B7: TODO | C7: TODO | D7: TODO | E7: TODO | F7: TODO | G7: TODO
A8: TODO | B8: TODO | C8: TODO | D8: TODO | E8: TODO | F8: TODO | G8: TODO
A9: TODO | B9: TODO | C9: TODO | D9: TODO | E9: TODO | F9: TODO | G9: TODO
A10: TODO | B10: TODO | C10: TODO | D10: TODO | E10: TODO | F10: TODO | G10: TODO
A11: TODO | B11: TODO | C11: TODO | D11: TODO | E11: TODO | F11: TODO | G11: TODO
A12: TODO | B12: TODO | C12: TODO | D12: TODO | E12: TODO | F12: TODO | G12: TODO
A13: TODO | B13: TODO | C13: TODO | D13: TODO | E13: TODO | F13: TODO | G13: TODO
A14: TODO | B14: TODO | C14: TODO | D14: TODO | E14: TODO | F14: TODO | G14: TODO
G16: TFP Anchor
A17: Section | G17: TODO
A19: Year | B19: BaselineCapital | C19: ShockCapital | D19: BaselineOutput | E19: ShockOutput
A20: TODO | B20: TODO | C20: TODO | D20: TODO | E20: TODO
A21: TODO | B21: TODO | C21: TODO | D21: TODO | E21: TODO
A22: TODO | B22: TODO | C22: TODO | D22: TODO | E22: TODO
A23: TODO | B23: TODO | C23: TODO | D23: TODO | E23: TODO
A24: TODO | B24: TODO | C24: TODO | D24: TODO | E24: TODO
A25: TODO | B25: TODO | C25: TODO | D25: TODO | E25: TODO
A26: TODO | B26: TODO | C26: TODO | D26: TODO | E26: TODO
A27: TODO | B27: TODO | C27: TODO | D27: TODO | E27: TODO
