Workbook

Sheet Inputs
A1: Parameter | B1: Value
A2: Total investment (USD mn) | B2: 7200
A3: FX rate (LCU/USD) | B3: 2.81
A4: Base import share | B4: 0.34
A5: Base multiplier | B5: 0.85
A6: Higher multiplier | B6: 1.05
A7: Higher import share | B7: 0.48
A9: Year | B9: Bell weight
A10: 2026 | B10: 0.05
A11: 2027 | B11: 0.1
A12: 2028 | B12: 0.15
A13: 2029 | B13: 0.2
A14: 2030 | B14: 0.2
A15: 2031 | B15: 0.15
A16: 2032 | B16: 0.1
A17: 2033 | B17: 0.05

Sheet Baseline
A1: Year | B1: Baseline GDP (LCU bn) | C1: GDP Deflator Index
A2: 2026 | B2: 78.4 | C2: 1
A3: 2027 | B3: 81.5 | C3: 1.04
A4: 2028 | B4: 84.7 | C4: 1.08
A5: 2029 | B5: 88 | C5: 1.12
A6: 2030 | B6: 91.4 | C6: 1.16
A7: 2031 | B7: 94.9 | C7: 1.2
A8: 2032 | B8: 98.5 | C8: 1.24
A9: 2033 | B9: 102.1 | C9: 1.28

Sheet Scenario_Base
A1: Year | B1: Bell weight | C1: Investment (LCU mn) | D1: Net demand (LCU mn) | E1: Real impact (LCU mn) | F1: GDP impact share
A2: =Inputs!A10 | B2: =Inputs!B10 | C2: =Inputs!$B$2*Inputs!$B$3*B2 | D2: =C2*(1-Inputs!$B$4)*Inputs!$B$5 | E2: =D2/Baseline!C2 | F2: =E2/(Baseline!B2*1000)
A3: =Inputs!A11 | B3: =Inputs!B11 | C3: =Inputs!$B$2*Inputs!$B$3*B3 | D3: =C3*(1-Inputs!$B$4)*Inputs!$B$5 | E3: =D3/Baseline!C3 | F3: =E3/(Baseline!B3*1000)
A4: =Inputs!A12 | B4: =Inputs!B12 | C4: =Inputs!$B$2*Inputs!$B$3*B4 | D4: =C4*(1-Inputs!$B$4)*Inputs!$B$5 | E4: =D4/Baseline!C4 | F4: =E4/(Baseline!B4*1000)
A5: =Inputs!A13 | B5: =Inputs!B13 | C5: =Inputs!$B$2*Inputs!$B$3*B5 | D5: =C5*(1-Inputs!$B$4)*Inputs!$B$5 | E5: =D5/Baseline!C5 | F5: =E5/(Baseline!B5*1000)
A6: =Inputs!A14 | B6: =Inputs!B14 | C6: =Inputs!$B$2*Inputs!$B$3*B6 | D6: =C6*(1-Inputs!$B$4)*Inputs!$B$5 | E6: =D6/Baseline!C6 | F6: =E6/(Baseline!B6*1000)
A7: =Inputs!A15 | B7: =Inputs!B15 | C7: =Inputs!$B$2*Inputs!$B$3*B7 | D7: =C7*(1-Inputs!$B$4)*Inputs!$B$5 | E7: =D7/Baseline!C7 | F7: =E7/(Baseline!B7*1000)
A8: =Inputs!A16 | B8: =Inputs!B16 | C8: =Inputs!$B$2*Inputs!$B$3*B8 | D8: =C8*(1-Inputs!$B$4)*Inputs!$B$5 | E8: =D8/Baseline!C8 | F8: =E8/(Baseline!B8*1000)
A9: =Inputs!A17 | B9: =Inputs!B17 | C9: =Inputs!$B$2*Inputs!$B$3*B9 | D9: =C9*(1-Inputs!$B$4)*Inputs!$B$5 | E9: =D9/Baseline!C9 | F9: =E9/(Baseline!B9*1000)

Sheet Scenario_HigherMultiplier
A1: Year | B1: Bell weight | C1: Investment (LCU mn) | D1: Net demand (LCU mn) | E1: Real impact (LCU mn) | F1: GDP impact share
A2: =Inputs!A10 | B2: =Inputs!B10 | C2: =Inputs!$B$2*Inputs!$B$3*B2 | D2: =C2*(1-Inputs!$B$4)*Inputs!$B$6 | E2: =D2/Baseline!C2 | F2: =E2/(Baseline!B2*1000)
A3: =Inputs!A11 | B3: =Inputs!B11 | C3: =Inputs!$B$2*Inputs!$B$3*B3 | D3: =C3*(1-Inputs!$B$4)*Inputs!$B$6 | E3: =D3/Baseline!C3 | F3: =E3/(Baseline!B3*1000)
A4: =Inputs!A12 | B4: =Inputs!B12 | C4: =Inputs!$B$2*Inputs!$B$3*B4 | D4: =C4*(1-Inputs!$B$4)*Inputs!$B$6 | E4: =D4/Baseline!C4 | F4: =E4/(Baseline!B4*1000)
A5: =Inputs!A13 | B5: =Inputs!B13 | C5: =Inputs!$B$2*Inputs!$B$3*B5 | D5: =C5*(1-Inputs!$B$4)*Inputs!$B$6 | E5: =D5/Baseline!C5 | F5: =E5/(Baseline!B5*1000)
A6: =Inputs!A14 | B6: =Inputs!B14 | C6: =Inputs!$B$2*Inputs!$B$3*B6 | D6: =C6*(1-Inputs!$B$4)*Inputs!$B$6 | E6: =D6/Baseline!C6 | F6: =E6/(Baseline!B6*1000)
A7: =Inputs!A15 | B7: =Inputs!B15 | C7: =Inputs!$B$2*Inputs!$B$3*B7 | D7: =C7*(1-Inputs!$B$4)*Inputs!$B$6 | E7: =D7/Baseline!C7 | F7: =E7/(Baseline!B7*1000)
A8: =Inputs!A16 | B8: =Inputs!B16 | C8: =Inputs!$B$2*Inputs!$B$3*B8 | D8: =C8*(1-Inputs!$B$4)*Inputs!$B$6 | E8: =D8/Baseline!C8 | F8: =E8/(Baseline!B8*1000)
A9: =Inputs!A17 | B9: =Inputs!B17 | C9: =Inputs!$B$2*Inputs!$B$3*B9 | D9: =C9*(1-Inputs!$B$4)*Inputs!$B$6 | E9: =D9/Baseline!C9 | F9: =E9/(Baseline!B9*1000)

Sheet Scenario_HigherImport
A1: Year | B1: Bell weight | C1: Investment (LCU mn) | D1: Net demand (LCU mn) | E1: Real impact (LCU mn) | F1: GDP impact share
A2: =Inputs!A10 | B2: =Inputs!B10 | C2: =Inputs!$B$2*Inputs!$B$3*B2 | D2: =C2*(1-Inputs!$B$7)*Inputs!$B$5 | E2: =D2/Baseline!C2 | F2: =E2/(Baseline!B2*1000)
A3: =Inputs!A11 | B3: =Inputs!B11 | C3: =Inputs!$B$2*Inputs!$B$3*B3 | D3: =C3*(1-Inputs!$B$7)*Inputs!$B$5 | E3: =D3/Baseline!C3 | F3: =E3/(Baseline!B3*1000)
A4: =Inputs!A12 | B4: =Inputs!B12 | C4: =Inputs!$B$2*Inputs!$B$3*B4 | D4: =C4*(1-Inputs!$B$7)*Inputs!$B$5 | E4: =D4/Baseline!C4 | F4: =E4/(Baseline!B4*1000)
A5: =Inputs!A13 | B5: =Inputs!B13 | C5: =Inputs!$B$2*Inputs!$B$3*B5 | D5: =C5*(1-Inputs!$B$7)*Inputs!$B$5 | E5: =D5/Baseline!C5 | F5: =E5/(Baseline!B5*1000)
A6: =Inputs!A14 | B6: =Inputs!B14 | C6: =Inputs!$B$2*Inputs!$B$3*B6 | D6: =C6*(1-Inputs!$B$7)*Inputs!$B$5 | E6: =D6/Baseline!C6 | F6: =E6/(Baseline!B6*1000)
A7: =Inputs!A15 | B7: =Inputs!B15 | C7: =Inputs!$B$2*Inputs!$B$3*B7 | D7: =C7*(1-Inputs!$B$7)*Inputs!$B$5 | E7: =D7/Baseline!C7 | F7: =E7/(Baseline!B7*1000)
A8: =Inputs!A16 | B8: =Inputs!B16 | C8: =Inputs!$B$2*Inputs!$B$3*B8 | D8: =C8*(1-Inputs!$B$7)*Inputs!$B$5 | E8: =D8/Baseline!C8 | F8: =E8/(Baseline!B8*1000)
A9: =Inputs!A17 | B9: =Inputs!B17 | C9: =Inputs!$B$2*Inputs!$B$3*B9 | D9: =C9*(1-Inputs!$B$7)*Inputs!$B$5 | E9: =D9/Baseline!C9 | F9: =E9/(Baseline!B9*1000)

Sheet Summary
A1: Metric | B1: Base | C1: Higher Multiplier | D1: Higher Import
A2: Total local investment | B2: =SUM(Scenario_Base!C2:C9) | C2: =SUM(Scenario_HigherMultiplier!C2:C9) | D2: =SUM(Scenario_HigherImport!C2:C9)
A3: Total net demand | B3: =SUM(Scenario_Base!D2:D9) | C3: =SUM(Scenario_HigherMultiplier!D2:D9) | D3: =SUM(Scenario_HigherImport!D2:D9)
A4: Peak real impact | B4: =MAX(Scenario_Base!E2:E9) | C4: =MAX(Scenario_HigherMultiplier!E2:E9) | D4: =MAX(Scenario_HigherImport!E2:E9)
A5: Peak GDP impact share | B5: =MAX(Scenario_Base!F2:F9) | C5: =MAX(Scenario_HigherMultiplier!F2:F9) | D5: =MAX(Scenario_HigherImport!F2:F9)
A6: Peak year | B6: =INDEX(Scenario_Base!A2:A9,MATCH(MAX(Scenario_Base!F2:F9),Scenario_Base!F2:F9,0)) | C6: =INDEX(Scenario_HigherMultiplier!A2:A9,MATCH(MAX(Scenario_HigherMultiplier!F2:F9),Scenario_HigherMultiplier!F2:F9,0)) | D6: =INDEX(Scenario_HigherImport!A2:A9,MATCH(MAX(Scenario_HigherImport!F2:F9),Scenario_HigherImport!F2:F9,0))
