Workbook

Sheet Inflow_Plan
A1: Reservoir inflow planning under drought conditions
A2: Drought inflow factor | B2: 0.92
A7: Month | B7: Actual_Inflow | C7: Seasonal_Factor | D7: Baseline_Inflow | E7: Resilience_Inflow
A8: 2027-01 | B8: 61.5 | C8: 1 | D8: =B8 -> 61.5 | E8: =D8+Project_Phases!C8 -> 61.5
A9: 2027-02 | B9: 54.2 | C9: 0.96 | D9: =B9 -> 54.2 | E9: =D9+Project_Phases!C9 -> 54.2
A10: 2027-03 | B10: 48.8 | C10: 0.9 | D10: =B10 -> 48.8 | E10: =D10+Project_Phases!C10 -> 48.8
A11: 2027-04 | C11: 0.74 | D11: =$B$10*C11*$B$2 -> 33.22304 | E11: =D11+Project_Phases!C11 -> 39.22304
A12: 2027-05 | C12: 0.61 | D12: =$B$10*C12*$B$2 -> 27.38656 | E12: =D12+Project_Phases!C12 -> 36.98656
A13: 2027-06 | C13: 0.47 | D13: =$B$10*C13*$B$2 -> 21.10112 | E13: =D13+Project_Phases!C13 -> 33.10112
A14: 2027-07 | C14: 0.39 | D14: =$B$10*C14*$B$2 -> 17.50944 | E14: =D14+Project_Phases!C14 -> 29.50944
A15: 2027-08 | C15: 0.36 | D15: =$B$10*C15*$B$2 -> 16.16256 | E15: =D15+Project_Phases!C15 -> 28.16256
A16: 2027-09 | C16: 0.42 | D16: =$B$10*C16*$B$2 -> 18.85632 | E16: =D16+Project_Phases!C16 -> 30.85632

Sheet Loss_Factors
A1: Monthly evaporation losses and mitigation effect
A2: Evaporation conversion factor | B2: 13.8
A7: Month | B7: Evaporation_mm | C7: Baseline_Evaporation | D7: Reduction_Share | E7: Resilience_Evaporation
A8: 2027-01 | B8: 42 | C8: =B8*$B$2/100 -> 5.796 | D8: =Project_Phases!E8 -> 0 | E8: =C8*(1-D8) -> 5.796
A9: 2027-02 | B9: 48 | C9: =B9*$B$2/100 -> 6.624 | D9: =Project_Phases!E9 -> 0 | E9: =C9*(1-D9) -> 6.624
A10: 2027-03 | B10: 60 | C10: =B10*$B$2/100 -> 8.28 | D10: =Project_Phases!E10 -> 0 | E10: =C10*(1-D10) -> 8.28
A11: 2027-04 | B11: 88 | C11: =B11*$B$2/100 -> 12.144 | D11: =Project_Phases!E11 -> 0.125 | E11: =C11*(1-D11) -> 10.626
A12: 2027-05 | B12: 112 | C12: =B12*$B$2/100 -> 15.456 | D12: =Project_Phases!E12 -> 0.2 | E12: =C12*(1-D12) -> 12.3648
A13: 2027-06 | B13: 136 | C13: =B13*$B$2/100 -> 18.768 | D13: =Project_Phases!E13 -> 0.25 | E13: =C13*(1-D13) -> 14.076
A14: 2027-07 | B14: 149 | C14: =B14*$B$2/100 -> 20.562 | D14: =Project_Phases!E14 -> 0.25 | E14: =C14*(1-D14) -> 15.4215
A15: 2027-08 | B15: 138 | C15: =B15*$B$2/100 -> 19.044 | D15: =Project_Phases!E15 -> 0.25 | E15: =C15*(1-D15) -> 14.283
A16: 2027-09 | B16: 104 | C16: =B16*$B$2/100 -> 14.352 | D16: =Project_Phases!E16 -> 0.25 | E16: =C16*(1-D16) -> 10.764

Sheet Demand_Forecast
A1: Urban demand forecast and conservation response
A2: Monthly demand growth | B2: 0.012
A7: Month | B7: Actual_Demand | C7: Peak_Factor | D7: Baseline_Demand | E7: Conservation_Share | F7: Resilience_Demand
A8: 2027-01 | B8: 46 | C8: 0.98 | D8: =B8 -> 46 | E8: =Project_Phases!D8 -> 0 | F8: =D8*(1-E8) -> 46
A9: 2027-02 | B9: 47.2 | C9: 1 | D9: =B9 -> 47.2 | E9: =Project_Phases!D9 -> 0 | F9: =D9*(1-E9) -> 47.2
A10: 2027-03 | B10: 48.1 | C10: 1.03 | D10: =B10 -> 48.1 | E10: =Project_Phases!D10 -> 0 | F10: =D10*(1-E10) -> 48.1
A11: 2027-04 | C11: 1.08 | D11: =D10*(1+$B$2)*C11 -> 52.571376 | E11: =Project_Phases!D11 -> 0.09 | F11: =D11*(1-E11) -> 47.839952
A12: 2027-05 | C12: 1.12 | D12: =D11*(1+$B$2)*C12 -> 59.5865 | E12: =Project_Phases!D12 -> 0.144 | F12: =D12*(1-E12) -> 51.006044
A13: 2027-06 | C13: 1.18 | D13: =D12*(1+$B$2)*C13 -> 71.155815 | E13: =Project_Phases!D13 -> 0.18 | F13: =D13*(1-E13) -> 58.347769
A14: 2027-07 | C14: 1.21 | D14: =D13*(1+$B$2)*C14 -> 87.131719 | E14: =Project_Phases!D14 -> 0.18 | F14: =D14*(1-E14) -> 71.44801
A15: 2027-08 | C15: 1.17 | D15: =D14*(1+$B$2)*C15 -> 103.16744 | E15: =Project_Phases!D15 -> 0.18 | F15: =D15*(1-E15) -> 84.597301
A16: 2027-09 | C16: 1.05 | D16: =D15*(1+$B$2)*C16 -> 109.62572 | E16: =Project_Phases!D16 -> 0.18 | F16: =D16*(1-E16) -> 89.893092

Sheet Project_Phases
A1: Commissioning profile for drought resilience projects
A2: Full intertie supply | B2: 12
A3: Full conservation share | B3: 0.18
A4: Full evaporation reduction | B4: 0.25
A7: Month | B7: Commissioning_Share | C7: Intertie_Supply | D7: Conservation_Share | E7: Evaporation_Reduction
A8: 2027-01 | B8: 0 | C8: =B8*$B$2 -> 0 | D8: =B8*$B$3 -> 0 | E8: =B8*$B$4 -> 0
A9: 2027-02 | B9: 0 | C9: =B9*$B$2 -> 0 | D9: =B9*$B$3 -> 0 | E9: =B9*$B$4 -> 0
A10: 2027-03 | B10: 0 | C10: =B10*$B$2 -> 0 | D10: =B10*$B$3 -> 0 | E10: =B10*$B$4 -> 0
A11: 2027-04 | B11: 0.5 | C11: =B11*$B$2 -> 6 | D11: =B11*$B$3 -> 0.09 | E11: =B11*$B$4 -> 0.125
A12: 2027-05 | B12: 0.8 | C12: =B12*$B$2 -> 9.6 | D12: =B12*$B$3 -> 0.144 | E12: =B12*$B$4 -> 0.2
A13: 2027-06 | B13: 1 | C13: =B13*$B$2 -> 12 | D13: =B13*$B$3 -> 0.18 | E13: =B13*$B$4 -> 0.25
A14: 2027-07 | B14: 1 | C14: =B14*$B$2 -> 12 | D14: =B14*$B$3 -> 0.18 | E14: =B14*$B$4 -> 0.25
A15: 2027-08 | B15: 1 | C15: =B15*$B$2 -> 12 | D15: =B15*$B$3 -> 0.18 | E15: =B15*$B$4 -> 0.25
A16: 2027-09 | B16: 1 | C16: =B16*$B$2 -> 12 | D16: =B16*$B$3 -> 0.18 | E16: =B16*$B$4 -> 0.25

Sheet Storage_Rolling
A1: Monthly storage rollforward under baseline and resilience cases
A2: Opening active storage | B2: 182
A3: Environmental release | B3: 8.5
A4: Dead storage floor | B4: 70
A5: Stage 1 trigger | B5: 125
A6: Stage 2 trigger | B6: 95
A7: Stage 3 trigger | B7: 80 | C7: Base_Inflow | D7: Base_Evap | E7: Base_Demand | F7: Base_Available | G7: Base_Delivered | H7: Base_Unmet | I7: Base_Closing | J7: Base_Stage | K7: Res_Opening | L7: Res_Inflow | M7: Res_Evap | N7: Res_Demand | O7: Res_Available | P7: Res_Delivered | Q7: Res_Unmet | R7: Res_Closing | S7: Res_Stage
A8: 2027-01 | B8: =$B$2 -> 182 | C8: =Inflow_Plan!D8 -> 61.5 | D8: =Loss_Factors!C8 -> 5.796 | E8: =Demand_Forecast!D8 -> 46 | F8: =B8+C8-D8-$B$3 -> 229.204 | G8: =MIN(E8,MAX(F8-$B$4,0)) -> 46 | H8: =MAX(E8-G8,0) -> 0 | I8: =MAX(F8-G8,$B$4) -> 183.204 | J8: =IF(I8<$B$7,3,IF(I8<$B$6,2,IF(I8<$B$5,1,0))) -> 0 | K8: =$B$2 -> 182 | L8: =Inflow_Plan!E8 -> 61.5 | M8: =Loss_Factors!E8 -> 5.796 | N8: =Demand_Forecast!F8 -> 46 | O8: =K8+L8-M8-$B$3 -> 229.204 | P8: =MIN(N8,MAX(O8-$B$4,0)) -> 46 | Q8: =MAX(N8-P8,0) -> 0 | R8: =MAX(O8-P8,$B$4) -> 183.204 | S8: =IF(R8<$B$7,3,IF(R8<$B$6,2,IF(R8<$B$5,1,0))) -> 0
A9: 2027-02 | B9: =I8 -> 183.204 | C9: =Inflow_Plan!D9 -> 54.2 | D9: =Loss_Factors!C9 -> 6.624 | E9: =Demand_Forecast!D9 -> 47.2 | F9: =B9+C9-D9-$B$3 -> 222.28 | G9: =MIN(E9,MAX(F9-$B$4,0)) -> 47.2 | H9: =MAX(E9-G9,0) -> 0 | I9: =MAX(F9-G9,$B$4) -> 175.08 | J9: =IF(I9<$B$7,3,IF(I9<$B$6,2,IF(I9<$B$5,1,0))) -> 0 | K9: =R8 -> 183.204 | L9: =Inflow_Plan!E9 -> 54.2 | M9: =Loss_Factors!E9 -> 6.624 | N9: =Demand_Forecast!F9 -> 47.2 | O9: =K9+L9-M9-$B$3 -> 222.28 | P9: =MIN(N9,MAX(O9-$B$4,0)) -> 47.2 | Q9: =MAX(N9-P9,0) -> 0 | R9: =MAX(O9-P9,$B$4) -> 175.08 | S9: =IF(R9<$B$7,3,IF(R9<$B$6,2,IF(R9<$B$5,1,0))) -> 0
A10: 2027-03 | B10: =I9 -> 175.08 | C10: =Inflow_Plan!D10 -> 48.8 | D10: =Loss_Factors!C10 -> 8.28 | E10: =Demand_Forecast!D10 -> 48.1 | F10: =B10+C10-D10-$B$3 -> 207.1 | G10: =MIN(E10,MAX(F10-$B$4,0)) -> 48.1 | H10: =MAX(E10-G10,0) -> 0 | I10: =MAX(F10-G10,$B$4) -> 159 | J10: =IF(I10<$B$7,3,IF(I10<$B$6,2,IF(I10<$B$5,1,0))) -> 0 | K10: =R9 -> 175.08 | L10: =Inflow_Plan!E10 -> 48.8 | M10: =Loss_Factors!E10 -> 8.28 | N10: =Demand_Forecast!F10 -> 48.1 | O10: =K10+L10-M10-$B$3 -> 207.1 | P10: =MIN(N10,MAX(O10-$B$4,0)) -> 48.1 | Q10: =MAX(N10-P10,0) -> 0 | R10: =MAX(O10-P10,$B$4) -> 159 | S10: =IF(R10<$B$7,3,IF(R10<$B$6,2,IF(R10<$B$5,1,0))) -> 0
A11: 2027-04 | B11: =I10 -> 159 | C11: =Inflow_Plan!D11 -> 33.22304 | D11: =Loss_Factors!C11 -> 12.144 | E11: =Demand_Forecast!D11 -> 52.571376 | F11: =B11+C11-D11-$B$3 -> 171.57904 | G11: =MIN(E11,MAX(F11-$B$4,0)) -> 52.571376 | H11: =MAX(E11-G11,0) -> 0 | I11: =MAX(F11-G11,$B$4) -> 119.00766 | J11: =IF(I11<$B$7,3,IF(I11<$B$6,2,IF(I11<$B$5,1,0))) -> 1 | K11: =R10 -> 159 | L11: =Inflow_Plan!E11 -> 39.22304 | M11: =Loss_Factors!E11 -> 10.626 | N11: =Demand_Forecast!F11 -> 47.839952 | O11: =K11+L11-M11-$B$3 -> 179.09704 | P11: =MIN(N11,MAX(O11-$B$4,0)) -> 47.839952 | Q11: =MAX(N11-P11,0) -> 0 | R11: =MAX(O11-P11,$B$4) -> 131.25709 | S11: =IF(R11<$B$7,3,IF(R11<$B$6,2,IF(R11<$B$5,1,0))) -> 0
A12: 2027-05 | B12: =I11 -> 119.00766 | C12: =Inflow_Plan!D12 -> 27.38656 | D12: =Loss_Factors!C12 -> 15.456 | E12: =Demand_Forecast!D12 -> 59.5865 | F12: =B12+C12-D12-$B$3 -> 122.43822 | G12: =MIN(E12,MAX(F12-$B$4,0)) -> 52.438224 | H12: =MAX(E12-G12,0) -> 7.1482764 | I12: =MAX(F12-G12,$B$4) -> 70 | J12: =IF(I12<$B$7,3,IF(I12<$B$6,2,IF(I12<$B$5,1,0))) -> 3 | K12: =R11 -> 131.25709 | L12: =Inflow_Plan!E12 -> 36.98656 | M12: =Loss_Factors!E12 -> 12.3648 | N12: =Demand_Forecast!F12 -> 51.006044 | O12: =K12+L12-M12-$B$3 -> 147.37885 | P12: =MIN(N12,MAX(O12-$B$4,0)) -> 51.006044 | Q12: =MAX(N12-P12,0) -> 0 | R12: =MAX(O12-P12,$B$4) -> 96.372803 | S12: =IF(R12<$B$7,3,IF(R12<$B$6,2,IF(R12<$B$5,1,0))) -> 1
A13: 2027-06 | B13: =I12 -> 70 | C13: =Inflow_Plan!D13 -> 21.10112 | D13: =Loss_Factors!C13 -> 18.768 | E13: =Demand_Forecast!D13 -> 71.155815 | F13: =B13+C13-D13-$B$3 -> 63.83312 | G13: =MIN(E13,MAX(F13-$B$4,0)) -> 0 | H13: =MAX(E13-G13,0) -> 71.155815 | I13: =MAX(F13-G13,$B$4) -> 70 | J13: =IF(I13<$B$7,3,IF(I13<$B$6,2,IF(I13<$B$5,1,0))) -> 3 | K13: =R12 -> 96.372803 | L13: =Inflow_Plan!E13 -> 33.10112 | M13: =Loss_Factors!E13 -> 14.076 | N13: =Demand_Forecast!F13 -> 58.347769 | O13: =K13+L13-M13-$B$3 -> 106.89792 | P13: =MIN(N13,MAX(O13-$B$4,0)) -> 36.897923 | Q13: =MAX(N13-P13,0) -> 21.449845 | R13: =MAX(O13-P13,$B$4) -> 70 | S13: =IF(R13<$B$7,3,IF(R13<$B$6,2,IF(R13<$B$5,1,0))) -> 3
A14: 2027-07 | B14: =I13 -> 70 | C14: =Inflow_Plan!D14 -> 17.50944 | D14: =Loss_Factors!C14 -> 20.562 | E14: =Demand_Forecast!D14 -> 87.131719 | F14: =B14+C14-D14-$B$3 -> 58.44744 | G14: =MIN(E14,MAX(F14-$B$4,0)) -> 0 | H14: =MAX(E14-G14,0) -> 87.131719 | I14: =MAX(F14-G14,$B$4) -> 70 | J14: =IF(I14<$B$7,3,IF(I14<$B$6,2,IF(I14<$B$5,1,0))) -> 3 | K14: =R13 -> 70 | L14: =Inflow_Plan!E14 -> 29.50944 | M14: =Loss_Factors!E14 -> 15.4215 | N14: =Demand_Forecast!F14 -> 71.44801 | O14: =K14+L14-M14-$B$3 -> 75.58794 | P14: =MIN(N14,MAX(O14-$B$4,0)) -> 5.58794 | Q14: =MAX(N14-P14,0) -> 65.86007 | R14: =MAX(O14-P14,$B$4) -> 70 | S14: =IF(R14<$B$7,3,IF(R14<$B$6,2,IF(R14<$B$5,1,0))) -> 3
A15: 2027-08 | B15: =I14 -> 70 | C15: =Inflow_Plan!D15 -> 16.16256 | D15: =Loss_Factors!C15 -> 19.044 | E15: =Demand_Forecast!D15 -> 103.16744 | F15: =B15+C15-D15-$B$3 -> 58.61856 | G15: =MIN(E15,MAX(F15-$B$4,0)) -> 0 | H15: =MAX(E15-G15,0) -> 103.16744 | I15: =MAX(F15-G15,$B$4) -> 70 | J15: =IF(I15<$B$7,3,IF(I15<$B$6,2,IF(I15<$B$5,1,0))) -> 3 | K15: =R14 -> 70 | L15: =Inflow_Plan!E15 -> 28.16256 | M15: =Loss_Factors!E15 -> 14.283 | N15: =Demand_Forecast!F15 -> 84.597301 | O15: =K15+L15-M15-$B$3 -> 75.37956 | P15: =MIN(N15,MAX(O15-$B$4,0)) -> 5.37956 | Q15: =MAX(N15-P15,0) -> 79.217741 | R15: =MAX(O15-P15,$B$4) -> 70 | S15: =IF(R15<$B$7,3,IF(R15<$B$6,2,IF(R15<$B$5,1,0))) -> 3
A16: 2027-09 | B16: =I15 -> 70 | C16: =Inflow_Plan!D16 -> 18.85632 | D16: =Loss_Factors!C16 -> 14.352 | E16: =Demand_Forecast!D16 -> 109.62572 | F16: =B16+C16-D16-$B$3 -> 66.00432 | G16: =MIN(E16,MAX(F16-$B$4,0)) -> 0 | H16: =MAX(E16-G16,0) -> 109.62572 | I16: =MAX(F16-G16,$B$4) -> 70 | J16: =IF(I16<$B$7,3,IF(I16<$B$6,2,IF(I16<$B$5,1,0))) -> 3 | K16: =R15 -> 70 | L16: =Inflow_Plan!E16 -> 30.85632 | M16: =Loss_Factors!E16 -> 10.764 | N16: =Demand_Forecast!F16 -> 89.893092 | O16: =K16+L16-M16-$B$3 -> 81.59232 | P16: =MIN(N16,MAX(O16-$B$4,0)) -> 11.59232 | Q16: =MAX(N16-P16,0) -> 78.300772 | R16: =MAX(O16-P16,$B$4) -> 70 | S16: =IF(R16<$B$7,3,IF(R16<$B$6,2,IF(R16<$B$5,1,0))) -> 3

Sheet Restriction_Risk
A1: Drought restriction comparison between scenarios
A2: Baseline restriction months | B2: =SUM(F8:F16) -> 6
A3: Resilience restriction months | B3: =SUM(G8:G16) -> 5
A4: Baseline severe months | B4: =SUM(H8:H16) -> 5
A5: Resilience severe months | B5: =SUM(I8:I16) -> 4
A6: Total shortage reduction | B6: =SUM(D8:D16)-SUM(E8:E16) -> 133.40055
A7: Average storage lift | B7: =AVERAGE(C8:C16)-AVERAGE(B8:B16) -> 4.2913586 | C7: Res_Closing | D7: Base_Unmet | E7: Res_Unmet | F7: Base_Restriction_Flag | G7: Res_Restriction_Flag | H7: Base_Severe_Flag | I7: Res_Severe_Flag | J7: Monthly_Shortage_Reduction
A8: 2027-01 | B8: =Storage_Rolling!I8 -> 183.204 | C8: =Storage_Rolling!R8 -> 183.204 | D8: =Storage_Rolling!H8 -> 0 | E8: =Storage_Rolling!Q8 -> 0 | F8: =IF(Storage_Rolling!J8>=1,1,0) -> 0 | G8: =IF(Storage_Rolling!S8>=1,1,0) -> 0 | H8: =IF(Storage_Rolling!J8>=2,1,0) -> 0 | I8: =IF(Storage_Rolling!S8>=2,1,0) -> 0 | J8: =D8-E8 -> 0
A9: 2027-02 | B9: =Storage_Rolling!I9 -> 175.08 | C9: =Storage_Rolling!R9 -> 175.08 | D9: =Storage_Rolling!H9 -> 0 | E9: =Storage_Rolling!Q9 -> 0 | F9: =IF(Storage_Rolling!J9>=1,1,0) -> 0 | G9: =IF(Storage_Rolling!S9>=1,1,0) -> 0 | H9: =IF(Storage_Rolling!J9>=2,1,0) -> 0 | I9: =IF(Storage_Rolling!S9>=2,1,0) -> 0 | J9: =D9-E9 -> 0
A10: 2027-03 | B10: =Storage_Rolling!I10 -> 159 | C10: =Storage_Rolling!R10 -> 159 | D10: =Storage_Rolling!H10 -> 0 | E10: =Storage_Rolling!Q10 -> 0 | F10: =IF(Storage_Rolling!J10>=1,1,0) -> 0 | G10: =IF(Storage_Rolling!S10>=1,1,0) -> 0 | H10: =IF(Storage_Rolling!J10>=2,1,0) -> 0 | I10: =IF(Storage_Rolling!S10>=2,1,0) -> 0 | J10: =D10-E10 -> 0
A11: 2027-04 | B11: =Storage_Rolling!I11 -> 119.00766 | C11: =Storage_Rolling!R11 -> 131.25709 | D11: =Storage_Rolling!H11 -> 0 | E11: =Storage_Rolling!Q11 -> 0 | F11: =IF(Storage_Rolling!J11>=1,1,0) -> 1 | G11: =IF(Storage_Rolling!S11>=1,1,0) -> 0 | H11: =IF(Storage_Rolling!J11>=2,1,0) -> 0 | I11: =IF(Storage_Rolling!S11>=2,1,0) -> 0 | J11: =D11-E11 -> 0
A12: 2027-05 | B12: =Storage_Rolling!I12 -> 70 | C12: =Storage_Rolling!R12 -> 96.372803 | D12: =Storage_Rolling!H12 -> 7.1482764 | E12: =Storage_Rolling!Q12 -> 0 | F12: =IF(Storage_Rolling!J12>=1,1,0) -> 1 | G12: =IF(Storage_Rolling!S12>=1,1,0) -> 1 | H12: =IF(Storage_Rolling!J12>=2,1,0) -> 1 | I12: =IF(Storage_Rolling!S12>=2,1,0) -> 0 | J12: =D12-E12 -> 7.1482764
A13: 2027-06 | B13: =Storage_Rolling!I13 -> 70 | C13: =Storage_Rolling!R13 -> 70 | D13: =Storage_Rolling!H13 -> 71.155815 | E13: =Storage_Rolling!Q13 -> 21.449845 | F13: =IF(Storage_Rolling!J13>=1,1,0) -> 1 | G13: =IF(Storage_Rolling!S13>=1,1,0) -> 1 | H13: =IF(Storage_Rolling!J13>=2,1,0) -> 1 | I13: =IF(Storage_Rolling!S13>=2,1,0) -> 1 | J13: =D13-E13 -> 49.70597
A14: 2027-07 | B14: =Storage_Rolling!I14 -> 70 | C14: =Storage_Rolling!R14 -> 70 | D14: =Storage_Rolling!H14 -> 87.131719 | E14: =Storage_Rolling!Q14 -> 65.86007 | F14: =IF(Storage_Rolling!J14>=1,1,0) -> 1 | G14: =IF(Storage_Rolling!S14>=1,1,0) -> 1 | H14: =IF(Storage_Rolling!J14>=2,1,0) -> 1 | I14: =IF(Storage_Rolling!S14>=2,1,0) -> 1 | J14: =D14-E14 -> 21.271649
A15: 2027-08 | B15: =Storage_Rolling!I15 -> 70 | C15: =Storage_Rolling!R15 -> 70 | D15: =Storage_Rolling!H15 -> 103.16744 | E15: =Storage_Rolling!Q15 -> 79.217741 | F15: =IF(Storage_Rolling!J15>=1,1,0) -> 1 | G15: =IF(Storage_Rolling!S15>=1,1,0) -> 1 | H15: =IF(Storage_Rolling!J15>=2,1,0) -> 1 | I15: =IF(Storage_Rolling!S15>=2,1,0) -> 1 | J15: =D15-E15 -> 23.949699
A16: 2027-09 | B16: =Storage_Rolling!I16 -> 70 | C16: =Storage_Rolling!R16 -> 70 | D16: =Storage_Rolling!H16 -> 109.62572 | E16: =Storage_Rolling!Q16 -> 78.300772 | F16: =IF(Storage_Rolling!J16>=1,1,0) -> 1 | G16: =IF(Storage_Rolling!S16>=1,1,0) -> 1 | H16: =IF(Storage_Rolling!J16>=2,1,0) -> 1 | I16: =IF(Storage_Rolling!S16>=2,1,0) -> 1 | J16: =D16-E16 -> 31.32495
